scale,steel_kind,hsb,fur_avg_temp,fur_total_time,rolling_method,rolling_temp,descaling_count,work_group
양품,T,적용,1138.5,259,TMCP(온도제어),934,8,1조
양품,T,적용,1139.5,238,TMCP(온도제어),937,8,1조
양품,T,적용,1125.0,258,TMCP(온도제어),889,8,1조
양품,T,적용,1139.5,266,TMCP(온도제어),885,8,1조
양품,T,적용,1134.0,246,TMCP(온도제어),873,8,1조
양품,T,적용,1135.5,255,TMCP(온도제어),874,8,1조
양품,T,적용,1134.0,278,TMCP(온도제어),878,8,1조
양품,T,적용,1135.0,272,TMCP(온도제어),870,8,1조
양품,T,적용,1124.5,241,TMCP(온도제어),873,8,1조
불량,T,적용,1129.5,290,TMCP(온도제어),881,7,1조
양품,T,적용,1129.5,261,CR(제어압연),881,8,1조
양품,T,적용,1125.0,252,TMCP(온도제어),869,8,1조
양품,T,적용,1125.0,259,CR(제어압연),869,8,1조
양품,T,적용,1129.5,280,TMCP(온도제어),820,8,1조
양품,T,적용,1129.5,286,CR(제어압연),820,8,1조
불량,T,적용,1128.0,259,CR(제어압연),1057,8,1조
양품,T,적용,1119.5,289,TMCP(온도제어),926,8,1조
양품,T,적용,1119.5,282,CR(제어압연),926,8,1조
양품,T,적용,1119.0,263,CR(제어압연),931,8,1조
양품,T,적용,1119.0,254,TMCP(온도제어),931,8,1조
불량,T,적용,1125.0,286,TMCP(온도제어),929,5,1조
양품,T,적용,1129.0,293,TMCP(온도제어),929,6,1조
양품,T,적용,1124.0,289,TMCP(온도제어),929,6,1조
양품,T,적용,1127.0,302,TMCP(온도제어),925,6,1조
양품,T,적용,1125.5,237,TMCP(온도제어),928,6,1조
양품,T,적용,1113.0,303,TMCP(온도제어),860,6,1조
양품,T,적용,1117.0,240,TMCP(온도제어),836,6,1조
양품,T,적용,1116.5,276,TMCP(온도제어),832,6,1조
양품,T,적용,1121.0,216,TMCP(온도제어),832,6,1조
양품,T,적용,1118.5,240,TMCP(온도제어),832,6,1조
양품,T,적용,1112.5,219,TMCP(온도제어),841,6,1조
양품,T,적용,1123.0,220,TMCP(온도제어),933,6,1조
양품,T,적용,1123.0,251,CR(제어압연),933,6,1조
양품,T,적용,1129.0,246,TMCP(온도제어),933,6,1조
양품,T,적용,1129.0,231,CR(제어압연),933,6,1조
양품,T,적용,1127.0,284,TMCP(온도제어),937,6,1조
양품,T,적용,1127.0,281,CR(제어압연),937,6,1조
양품,T,적용,1130.5,244,TMCP(온도제어),930,6,1조
양품,T,적용,1130.5,268,CR(제어압연),930,6,1조
양품,T,적용,1124.0,250,TMCP(온도제어),936,6,1조
양품,T,적용,1124.0,251,CR(제어압연),936,6,1조
양품,T,적용,1125.5,262,TMCP(온도제어),933,6,1조
양품,T,적용,1125.5,245,CR(제어압연),933,6,1조
양품,T,적용,1117.0,272,TMCP(온도제어),838,6,1조
양품,T,적용,1117.0,272,CR(제어압연),838,6,1조
양품,T,적용,1130.0,247,TMCP(온도제어),837,6,1조
양품,T,적용,1129.0,238,TMCP(온도제어),862,6,1조
양품,T,적용,1127.5,273,TMCP(온도제어),862,6,1조
양품,T,적용,1129.5,261,TMCP(온도제어),861,6,1조
양품,T,적용,1122.5,266,TMCP(온도제어),862,6,1조
양품,T,적용,1128.5,223,TMCP(온도제어),856,6,1조
양품,T,적용,1130.0,229,TMCP(온도제어),860,6,1조
양품,T,적용,1125.5,256,TMCP(온도제어),863,6,1조
양품,T,적용,1134.0,257,TMCP(온도제어),864,6,1조
양품,T,적용,1127.5,228,TMCP(온도제어),845,6,1조
양품,T,적용,1127.5,232,CR(제어압연),845,6,1조
양품,T,적용,1118.0,234,CR(제어압연),808,6,1조
양품,T,적용,1126.5,238,TMCP(온도제어),845,6,1조
양품,T,적용,1126.0,270,TMCP(온도제어),850,6,1조
양품,T,적용,1126.0,241,CR(제어압연),850,6,1조
양품,T,적용,1132.5,257,TMCP(온도제어),852,6,1조
양품,T,적용,1133.5,243,TMCP(온도제어),845,6,1조
양품,T,적용,1133.5,264,CR(제어압연),845,6,1조
양품,T,적용,1128.5,243,TMCP(온도제어),845,6,1조
양품,T,적용,1128.5,274,CR(제어압연),845,6,1조
양품,T,적용,1128.0,280,TMCP(온도제어),847,6,1조
양품,T,적용,1133.0,260,TMCP(온도제어),849,6,1조
양품,T,적용,1133.0,272,CR(제어압연),849,6,2조
양품,T,적용,1129.5,286,TMCP(온도제어),845,6,2조
양품,T,적용,1136.0,275,TMCP(온도제어),844,6,2조
양품,T,적용,1137.0,260,TMCP(온도제어),852,6,2조
양품,T,적용,1138.5,280,TMCP(온도제어),853,6,2조
양품,T,적용,1132.5,282,TMCP(온도제어),851,6,2조
양품,T,적용,1131.5,250,TMCP(온도제어),850,6,2조
양품,T,적용,1133.5,253,TMCP(온도제어),847,6,2조
양품,T,적용,1133.5,258,CR(제어압연),847,6,2조
양품,T,적용,1134.5,250,TMCP(온도제어),849,6,2조
양품,T,적용,1134.5,269,CR(제어압연),849,6,2조
양품,T,적용,1138.0,275,TMCP(온도제어),851,6,2조
불량,T,적용,1138.0,276,CR(제어압연),851,5,2조
양품,T,적용,1140.0,251,TMCP(온도제어),847,6,2조
양품,T,적용,1140.0,255,CR(제어압연),847,6,2조
양품,T,적용,1133.0,236,TMCP(온도제어),847,6,2조
양품,T,적용,1133.0,238,CR(제어압연),847,6,2조
양품,T,적용,1132.5,232,TMCP(온도제어),844,6,2조
양품,T,적용,1132.5,258,CR(제어압연),844,6,2조
양품,T,적용,1136.0,266,TMCP(온도제어),840,6,2조
양품,T,적용,1139.5,258,TMCP(온도제어),846,6,2조
양품,T,적용,1139.0,241,TMCP(온도제어),844,6,2조
양품,T,적용,1142.5,279,TMCP(온도제어),846,6,2조
양품,T,적용,1131.0,272,TMCP(온도제어),844,6,2조
양품,T,적용,1134.0,254,TMCP(온도제어),849,6,2조
양품,T,적용,1134.0,260,TMCP(온도제어),834,6,2조
불량,T,미적용,1138.0,235,TMCP(온도제어),847,6,2조
양품,T,적용,1127.5,217,TMCP(온도제어),842,6,2조
양품,T,적용,1123.5,267,TMCP(온도제어),845,6,2조
양품,T,적용,1123.5,246,CR(제어압연),845,6,2조
양품,T,적용,1125.5,251,TMCP(온도제어),843,6,2조
양품,T,적용,1117.5,255,TMCP(온도제어),773,6,2조
양품,T,적용,1117.5,258,CR(제어압연),773,6,2조
불량,T,적용,1124.5,231,TMCP(온도제어),760,5,2조
양품,T,적용,1124.5,206,CR(제어압연),760,6,2조
양품,T,적용,1129.0,269,TMCP(온도제어),859,6,2조
양품,T,적용,1129.5,232,TMCP(온도제어),842,6,2조
불량,T,미적용,1136.5,213,TMCP(온도제어),847,6,2조
양품,T,적용,1128.0,248,TMCP(온도제어),844,6,2조
양품,T,적용,1128.0,223,TMCP(온도제어),843,6,2조
양품,T,적용,1128.0,281,TMCP(온도제어),843,6,2조
양품,T,적용,1128.5,235,CR(제어압연),843,6,2조
양품,T,적용,1128.5,244,TMCP(온도제어),843,6,2조
양품,T,적용,1127.5,278,TMCP(온도제어),840,6,2조
불량,T,미적용,1124.0,250,TMCP(온도제어),846,6,2조
양품,T,적용,1119.0,277,TMCP(온도제어),839,6,2조
양품,T,적용,1127.5,256,TMCP(온도제어),843,6,2조
양품,T,적용,1126.0,264,TMCP(온도제어),844,6,2조
양품,T,적용,1127.5,261,TMCP(온도제어),841,6,2조
양품,C,적용,1127.5,297,CR(제어압연),934,8,2조
양품,C,적용,1136.0,235,CR(제어압연),911,8,2조
양품,C,적용,1130.0,240,CR(제어압연),935,10,2조
양품,C,적용,1130.0,287,CR(제어압연),935,10,2조
양품,C,적용,1135.5,286,CR(제어압연),915,10,2조
양품,C,적용,1137.0,284,CR(제어압연),923,10,2조
양품,C,적용,1136.5,284,CR(제어압연),913,10,2조
양품,C,적용,1133.0,251,CR(제어압연),977,8,2조
양품,C,적용,1138.5,273,CR(제어압연),985,8,2조
양품,C,적용,1139.5,285,CR(제어압연),955,10,2조
양품,C,적용,1138.0,245,CR(제어압연),955,10,2조
양품,C,적용,1144.0,267,CR(제어압연),950,10,2조
양품,C,적용,1140.5,244,CR(제어압연),952,10,2조
양품,C,적용,1136.0,258,CR(제어압연),956,10,2조
양품,C,적용,1138.0,282,CR(제어압연),920,10,2조
양품,C,적용,1147.5,261,CR(제어압연),959,10,2조
양품,C,적용,1145.5,263,CR(제어압연),918,10,2조
양품,C,적용,1138.5,254,CR(제어압연),930,10,2조
불량,C,적용,1153.0,262,CR(제어압연),930,9,2조
양품,C,적용,1155.0,298,CR(제어압연),944,10,2조
양품,C,적용,1149.0,273,CR(제어압연),930,10,2조
양품,C,적용,1150.5,264,CR(제어압연),976,10,2조
양품,C,적용,1154.5,262,CR(제어압연),956,10,2조
불량,C,미적용,1150.5,288,CR(제어압연),937,10,2조
양품,C,적용,1154.0,259,CR(제어압연),950,10,2조
불량,C,적용,1160.0,272,CR(제어압연),1004,10,2조
양품,C,적용,1161.5,286,CR(제어압연),961,10,1조
양품,C,적용,1154.5,270,CR(제어압연),996,10,1조
불량,C,적용,1151.5,290,CR(제어압연),995,9,1조
양품,C,적용,1148.5,269,CR(제어압연),953,10,1조
양품,C,적용,1146.0,262,CR(제어압연),956,10,1조
양품,C,적용,1166.0,246,CR(제어압연),992,8,1조
양품,C,적용,1168.0,294,CR(제어압연),988,8,1조
양품,C,적용,1146.0,288,CR(제어압연),982,8,1조
양품,C,적용,1164.5,263,CR(제어압연),967,10,1조
양품,C,적용,1152.5,301,CR(제어압연),975,10,1조
불량,C,적용,1160.5,250,CR(제어압연),1008,10,1조
불량,C,적용,1169.0,256,CR(제어압연),1018,10,1조
불량,C,적용,1168.5,267,CR(제어압연),1006,10,1조
양품,C,적용,1164.5,242,CR(제어압연),999,10,1조
양품,C,적용,1164.5,266,CR(제어압연),999,10,1조
불량,C,적용,1163.0,258,CR(제어압연),1005,10,1조
불량,C,적용,1162.0,253,CR(제어압연),1008,9,1조
불량,C,적용,1166.5,249,CR(제어압연),1012,10,1조
불량,C,적용,1168.0,243,CR(제어압연),1002,10,1조
불량,C,적용,1169.0,272,CR(제어압연),1023,10,1조
불량,C,적용,1168.5,206,CR(제어압연),1015,8,1조
불량,C,적용,1165.5,240,CR(제어압연),1021,8,1조
불량,C,적용,1162.0,229,CR(제어압연),1011,7,1조
불량,C,적용,1162.0,233,CR(제어압연),1011,8,1조
불량,C,적용,1170.5,238,CR(제어압연),1013,8,1조
불량,C,적용,1163.0,273,CR(제어압연),1019,8,1조
불량,C,적용,1167.5,241,CR(제어압연),1006,8,1조
불량,C,적용,1173.0,256,CR(제어압연),1026,8,1조
불량,C,적용,1170.5,235,CR(제어압연),1027,7,1조
불량,C,적용,1171.0,214,CR(제어압연),1020,8,1조
불량,C,적용,1172.0,250,CR(제어압연),1014,8,1조
불량,C,적용,1170.5,210,CR(제어압연),1022,8,1조
불량,C,적용,1166.0,231,CR(제어압연),1007,8,1조
불량,C,적용,1169.0,214,CR(제어압연),1007,8,1조
불량,C,적용,1169.0,244,CR(제어압연),1007,8,1조
불량,C,적용,1169.0,198,CR(제어압연),1007,8,1조
불량,C,적용,1172.5,200,CR(제어압연),1017,7,1조
불량,C,적용,1171.0,245,CR(제어압연),1006,8,1조
불량,C,적용,1171.0,244,CR(제어압연),1006,8,1조
불량,C,적용,1171.5,224,CR(제어압연),1007,8,1조
불량,C,적용,1165.0,233,CR(제어압연),1022,8,1조
불량,C,적용,1166.0,213,CR(제어압연),1031,7,1조
불량,C,적용,1160.5,218,CR(제어압연),1030,8,1조
불량,C,적용,1165.5,239,CR(제어압연),1062,8,1조
불량,C,적용,1170.5,228,CR(제어압연),1078,6,1조
불량,C,적용,1166.0,222,CR(제어압연),1066,6,1조
불량,C,적용,1155.0,229,CR(제어압연),1056,6,1조
불량,C,적용,1162.0,207,CR(제어압연),1054,8,1조
불량,C,적용,1158.0,221,CR(제어압연),1068,6,1조
불량,C,적용,1158.0,213,CR(제어압연),1054,6,1조
불량,C,적용,1159.5,232,CR(제어압연),1053,8,1조
양품,C,적용,1169.5,227,CR(제어압연),902,8,1조
양품,C,적용,1161.5,202,CR(제어압연),907,8,1조
불량,C,적용,1170.5,223,CR(제어압연),1037,8,1조
불량,C,적용,1170.5,229,CR(제어압연),1037,8,1조
불량,C,미적용,1166.0,251,CR(제어압연),901,8,1조
양품,C,적용,1170.0,201,CR(제어압연),976,8,1조
불량,C,적용,1162.5,221,CR(제어압연),1005,8,1조
불량,C,적용,1162.5,206,CR(제어압연),1005,7,1조
불량,C,적용,1164.5,236,CR(제어압연),1006,8,1조
불량,C,적용,1164.5,222,CR(제어압연),1006,8,1조
불량,C,적용,1164.0,242,CR(제어압연),1004,8,1조
불량,C,적용,1168.5,207,CR(제어압연),1018,8,1조
불량,C,적용,1169.0,221,CR(제어압연),1030,8,1조
불량,C,적용,1169.0,215,CR(제어압연),1005,8,1조
불량,C,적용,1165.0,217,CR(제어압연),1024,8,1조
불량,C,적용,1163.5,230,CR(제어압연),1027,8,1조
불량,C,적용,1174.0,221,CR(제어압연),1035,8,1조
불량,C,적용,1167.0,232,CR(제어압연),1031,8,1조
불량,C,적용,1161.5,215,CR(제어압연),1016,10,1조
불량,C,적용,1169.0,231,CR(제어압연),1027,10,1조
불량,C,적용,1168.0,217,CR(제어압연),1035,8,1조
불량,C,적용,1154.0,214,CR(제어압연),1017,10,1조
불량,C,적용,1163.0,223,CR(제어압연),1029,10,1조
불량,C,적용,1165.5,231,CR(제어압연),1014,10,2조
불량,C,적용,1159.5,225,CR(제어압연),1010,10,2조
불량,C,적용,1159.5,230,CR(제어압연),1010,10,2조
불량,C,적용,1162.5,214,CR(제어압연),1015,10,2조
양품,C,적용,1163.5,266,CR(제어압연),999,10,2조
양품,C,적용,1170.5,276,CR(제어압연),1000,10,2조
양품,C,적용,1158.0,264,CR(제어압연),991,8,2조
양품,C,적용,1158.0,246,CR(제어압연),991,8,2조
양품,C,적용,1158.0,229,CR(제어압연),991,8,2조
양품,C,적용,1161.0,228,CR(제어압연),995,8,2조
양품,C,적용,1149.5,256,CR(제어압연),945,10,2조
양품,C,적용,1159.0,238,CR(제어압연),941,10,2조
양품,C,적용,1163.5,213,CR(제어압연),962,10,2조
양품,C,적용,1169.5,242,CR(제어압연),952,10,2조
양품,C,적용,1169.5,252,CR(제어압연),952,10,2조
양품,C,적용,1169.5,237,CR(제어압연),952,10,2조
양품,C,적용,1158.5,213,CR(제어압연),979,8,2조
양품,C,적용,1160.5,224,CR(제어압연),993,8,2조
불량,C,적용,1162.0,230,CR(제어압연),1038,8,2조
불량,C,적용,1154.0,249,CR(제어압연),1004,8,2조
불량,C,적용,1154.0,256,CR(제어압연),1004,8,2조
불량,C,적용,1154.0,261,CR(제어압연),1004,8,2조
불량,C,적용,1161.0,237,CR(제어압연),1022,8,2조
불량,C,적용,1159.0,250,CR(제어압연),1043,6,2조
불량,C,적용,1161.0,217,CR(제어압연),1024,8,2조
불량,C,적용,1154.5,231,CR(제어압연),1029,8,2조
불량,C,적용,1155.0,235,CR(제어압연),1046,6,2조
불량,C,적용,1159.0,254,CR(제어압연),1035,8,2조
불량,C,적용,1161.5,226,CR(제어압연),1034,8,2조
불량,C,적용,1161.5,249,CR(제어압연),1032,8,2조
불량,C,적용,1160.5,267,CR(제어압연),1031,8,2조
불량,C,적용,1159.0,233,CR(제어압연),1032,8,2조
불량,C,적용,1154.0,229,CR(제어압연),1020,8,2조
불량,C,적용,1158.5,237,CR(제어압연),1012,8,2조
불량,C,적용,1154.5,270,CR(제어압연),1022,8,2조
불량,C,적용,1153.0,254,CR(제어압연),1031,8,2조
불량,C,적용,1161.0,229,CR(제어압연),1034,8,2조
불량,C,적용,1157.0,219,CR(제어압연),1053,6,2조
불량,C,적용,1157.0,270,CR(제어압연),1053,6,2조
불량,C,적용,1148.0,222,CR(제어압연),1007,8,2조
불량,C,적용,1158.0,236,CR(제어압연),1006,8,2조
양품,C,적용,1153.0,245,CR(제어압연),997,8,2조
불량,C,적용,1155.5,201,CR(제어압연),1002,8,2조
불량,C,적용,1155.5,220,CR(제어압연),1002,8,2조
불량,C,적용,1154.5,202,CR(제어압연),986,7,2조
불량,C,적용,1156.0,234,CR(제어압연),1043,6,2조
불량,C,적용,1158.0,265,CR(제어압연),1029,6,2조
불량,C,적용,1156.5,242,CR(제어압연),1019,10,2조
양품,C,적용,1150.0,223,CR(제어압연),989,10,2조
불량,C,적용,1149.0,202,CR(제어압연),1021,8,2조
양품,C,적용,1151.0,220,CR(제어압연),996,8,2조
불량,C,적용,1153.0,211,CR(제어압연),1010,8,2조
불량,C,적용,1150.5,261,CR(제어압연),1012,8,2조
불량,C,적용,1141.5,238,CR(제어압연),1029,6,2조
불량,C,적용,1153.0,220,CR(제어압연),1002,7,2조
불량,C,적용,1136.5,216,CR(제어압연),1032,6,2조
불량,C,적용,1147.5,225,CR(제어압연),1048,8,2조
불량,C,적용,1150.5,198,CR(제어압연),1019,8,2조
불량,C,적용,1146.5,251,CR(제어압연),1023,8,2조
불량,C,적용,1143.0,242,CR(제어압연),1034,6,2조
불량,C,적용,1133.0,203,CR(제어압연),1020,8,2조
불량,C,적용,1133.0,221,CR(제어압연),1020,8,2조
불량,C,적용,1133.0,237,CR(제어압연),1020,8,2조
불량,C,적용,1133.0,231,CR(제어압연),1020,8,2조
불량,C,적용,1140.0,205,CR(제어압연),1003,8,2조
불량,C,적용,1140.0,239,CR(제어압연),1003,8,2조
불량,C,적용,1138.5,249,CR(제어압연),1011,8,2조
불량,C,적용,1141.0,221,CR(제어압연),1007,8,2조
불량,C,적용,1140.5,207,CR(제어압연),1005,8,2조
불량,C,적용,1137.0,187,CR(제어압연),1006,10,2조
양품,C,적용,1142.0,194,CR(제어압연),998,8,2조
양품,C,적용,1144.0,199,CR(제어압연),987,10,1조
양품,C,적용,1144.0,212,CR(제어압연),987,10,1조
불량,C,적용,1143.0,182,CR(제어압연),968,9,1조
양품,C,적용,1137.0,254,CR(제어압연),980,10,1조
양품,C,적용,1144.0,213,CR(제어압연),973,10,1조
불량,C,미적용,1152.0,190,CR(제어압연),976,10,1조
양품,C,적용,1134.5,165,CR(제어압연),956,10,1조
양품,C,적용,1134.5,206,CR(제어압연),956,10,1조
양품,C,적용,1134.5,171,CR(제어압연),956,10,1조
불량,C,적용,1144.5,206,CR(제어압연),971,9,1조
불량,C,적용,1152.5,186,CR(제어압연),985,9,1조
불량,C,미적용,1147.0,219,CR(제어압연),972,10,1조
양품,C,적용,1150.0,181,CR(제어압연),973,10,1조
양품,C,적용,1146.0,180,CR(제어압연),968,10,1조
양품,C,적용,1126.5,191,CR(제어압연),969,10,1조
양품,C,적용,1143.5,210,CR(제어압연),973,10,1조
양품,C,적용,1150.0,192,CR(제어압연),993,10,1조
양품,C,적용,1144.5,195,CR(제어압연),957,10,1조
불량,C,적용,1148.5,223,CR(제어압연),971,7,1조
불량,C,미적용,1137.0,193,CR(제어압연),972,8,1조
양품,C,적용,1137.0,221,CR(제어압연),972,8,1조
양품,C,적용,1122.0,224,CR(제어압연),959,8,1조
양품,C,적용,1141.0,207,CR(제어압연),976,8,1조
양품,C,적용,1139.0,187,CR(제어압연),913,10,1조
양품,C,적용,1141.5,185,CR(제어압연),956,8,1조
양품,C,적용,1141.0,187,CR(제어압연),958,8,1조
양품,C,적용,1139.5,208,CR(제어압연),945,10,1조
양품,C,적용,1131.5,208,CR(제어압연),934,10,1조
양품,C,적용,1126.0,211,CR(제어압연),951,10,1조
양품,C,적용,1136.5,206,CR(제어압연),939,10,1조
양품,C,적용,1136.5,189,CR(제어압연),939,10,1조
양품,C,적용,1147.0,214,CR(제어압연),947,10,1조
불량,C,적용,1147.0,182,CR(제어압연),947,9,1조
양품,C,적용,1128.5,187,CR(제어압연),970,10,1조
양품,C,적용,1131.5,186,CR(제어압연),975,10,1조
양품,C,적용,1136.0,178,CR(제어압연),982,10,1조
불량,C,적용,1125.5,209,CR(제어압연),971,9,1조
양품,C,적용,1139.0,224,CR(제어압연),979,10,1조
불량,C,적용,1140.0,216,CR(제어압연),991,7,1조
불량,C,적용,1143.5,187,CR(제어압연),988,7,1조
양품,C,적용,1138.5,212,CR(제어압연),977,8,1조
양품,C,적용,1127.0,249,CR(제어압연),983,8,1조
양품,C,적용,1151.0,190,CR(제어압연),995,8,1조
양품,C,적용,1154.5,249,CR(제어압연),985,8,1조
양품,C,적용,1140.0,229,CR(제어압연),984,8,1조
양품,C,적용,1147.5,188,CR(제어압연),899,8,1조
양품,C,적용,1152.0,197,CR(제어압연),993,8,1조
양품,C,적용,1150.0,187,CR(제어압연),992,8,1조
양품,C,적용,1142.0,221,CR(제어압연),987,8,1조
양품,C,적용,1151.5,221,CR(제어압연),989,8,1조
양품,C,적용,1151.5,182,CR(제어압연),989,8,1조
양품,C,적용,1148.0,220,CR(제어압연),976,8,1조
양품,C,적용,1148.0,196,CR(제어압연),976,8,1조
양품,C,적용,1169.0,219,CR(제어압연),972,8,1조
불량,C,적용,1165.5,215,CR(제어압연),1009,8,1조
불량,C,적용,1152.0,216,CR(제어압연),1009,7,1조
불량,C,미적용,1152.0,212,CR(제어압연),989,8,1조
양품,C,적용,1141.0,221,CR(제어압연),970,8,1조
양품,C,적용,1152.5,194,CR(제어압연),987,8,1조
양품,C,적용,1152.5,213,CR(제어압연),987,8,1조
양품,C,적용,1152.0,205,CR(제어압연),981,8,1조
양품,C,적용,1135.0,195,CR(제어압연),972,8,1조
양품,C,적용,1172.0,209,CR(제어압연),960,10,1조
불량,C,적용,1159.0,197,CR(제어압연),975,9,1조
양품,C,적용,1168.0,186,CR(제어압연),979,10,1조
양품,C,적용,1162.0,212,CR(제어압연),980,10,1조
양품,C,적용,1172.5,205,CR(제어압연),976,10,2조
양품,C,적용,1160.5,215,CR(제어압연),975,10,2조
양품,C,적용,1158.5,214,CR(제어압연),971,10,2조
양품,C,적용,1158.5,201,CR(제어압연),971,10,2조
양품,C,적용,1158.5,226,CR(제어압연),971,10,2조
불량,C,적용,1163.0,216,CR(제어압연),962,9,2조
불량,C,미적용,1137.5,193,CR(제어압연),964,10,2조
양품,C,적용,1164.5,194,CR(제어압연),969,10,2조
양품,C,적용,1159.5,198,CR(제어압연),945,10,2조
양품,C,적용,1159.5,206,CR(제어압연),945,10,2조
양품,C,적용,1150.0,196,CR(제어압연),886,10,2조
양품,C,적용,1141.5,246,CR(제어압연),898,10,2조
양품,C,적용,1141.5,229,CR(제어압연),898,10,2조
불량,C,적용,1171.5,215,CR(제어압연),923,9,2조
양품,C,적용,1169.5,224,CR(제어압연),929,10,2조
양품,C,적용,1169.5,188,CR(제어압연),929,10,2조
양품,C,적용,1169.5,194,CR(제어압연),929,10,2조
양품,C,적용,1172.5,188,CR(제어압연),916,10,2조
양품,C,적용,1172.5,224,CR(제어압연),916,10,2조
양품,C,적용,1174.5,223,CR(제어압연),907,10,2조
양품,C,적용,1179.0,201,CR(제어압연),905,10,2조
불량,C,적용,1178.0,216,CR(제어압연),911,9,2조
불량,C,미적용,1178.0,233,CR(제어압연),911,10,2조
양품,C,적용,1178.0,190,CR(제어압연),911,10,2조
양품,C,적용,1172.0,228,CR(제어압연),937,10,2조
양품,C,적용,1176.5,237,CR(제어압연),964,10,2조
양품,C,적용,1167.5,214,CR(제어압연),984,10,2조
양품,C,적용,1172.5,230,CR(제어압연),993,10,2조
양품,C,적용,1171.5,216,CR(제어압연),993,10,2조
양품,C,적용,1171.5,226,CR(제어압연),993,10,2조
양품,C,적용,1179.0,232,CR(제어압연),993,10,2조
양품,C,적용,1175.0,191,CR(제어압연),998,10,2조
양품,C,적용,1174.0,236,CR(제어압연),988,10,2조
양품,C,적용,1172.5,206,CR(제어압연),977,8,2조
양품,C,적용,1171.0,229,CR(제어압연),973,8,2조
양품,C,적용,1176.5,226,CR(제어압연),978,8,2조
양품,C,적용,1173.5,200,CR(제어압연),993,8,2조
불량,C,적용,1159.5,215,CR(제어압연),1004,8,2조
양품,C,적용,1165.5,199,CR(제어압연),951,8,2조
불량,C,미적용,1165.5,235,CR(제어압연),951,8,2조
양품,C,적용,1162.0,210,CR(제어압연),955,8,2조
양품,C,적용,1153.5,229,CR(제어압연),966,8,2조
불량,C,적용,1183.5,213,CR(제어압연),998,7,2조
불량,C,미적용,1164.5,225,CR(제어압연),991,8,2조
양품,C,적용,1181.5,235,CR(제어압연),997,8,2조
양품,C,적용,1154.0,224,CR(제어압연),987,8,2조
양품,C,적용,1171.0,216,CR(제어압연),990,10,2조
양품,C,적용,1176.5,221,CR(제어압연),982,8,2조
불량,C,적용,1183.5,224,CR(제어압연),973,10,2조
불량,C,적용,1183.5,240,CR(제어압연),973,9,2조
불량,C,적용,1182.5,199,CR(제어압연),949,10,2조
불량,C,적용,1174.5,209,CR(제어압연),951,10,2조
불량,C,적용,1174.5,227,CR(제어압연),951,10,2조
양품,C,적용,1167.0,202,CR(제어압연),925,10,2조
양품,C,적용,1179.0,241,CR(제어압연),904,10,2조
불량,C,미적용,1178.5,231,CR(제어압연),904,10,2조
양품,C,적용,1169.0,216,CR(제어압연),900,10,2조
양품,C,적용,1169.0,209,CR(제어압연),900,10,2조
양품,C,적용,1150.0,192,CR(제어압연),892,10,2조
양품,C,적용,1154.5,197,CR(제어압연),909,10,2조
양품,C,적용,1170.5,190,CR(제어압연),933,10,2조
불량,C,적용,1185.0,185,CR(제어압연),966,10,2조
양품,C,적용,1152.5,216,CR(제어압연),954,10,2조
불량,C,적용,1157.0,182,CR(제어압연),961,7,2조
양품,C,적용,1161.5,191,CR(제어압연),959,8,2조
양품,C,적용,1148.5,203,CR(제어압연),966,8,2조
불량,C,적용,1156.5,226,CR(제어압연),976,7,2조
양품,C,적용,1168.5,194,CR(제어압연),989,8,2조
양품,C,적용,1157.0,200,CR(제어압연),985,8,2조
양품,C,적용,1151.5,207,CR(제어압연),957,8,2조
양품,C,적용,1160.0,226,CR(제어압연),956,8,2조
양품,C,적용,1184.5,221,CR(제어압연),942,10,2조
양품,C,적용,1184.5,234,CR(제어압연),942,10,1조
불량,C,적용,1190.0,210,CR(제어압연),907,10,1조
불량,C,적용,1194.0,210,CR(제어압연),890,9,1조
양품,C,적용,1182.0,218,CR(제어압연),884,10,1조
양품,C,적용,1182.0,220,CR(제어압연),884,10,1조
양품,C,적용,1182.0,215,CR(제어압연),884,10,1조
양품,C,적용,1178.0,247,CR(제어압연),906,10,1조
양품,C,적용,1178.0,222,CR(제어압연),906,10,1조
양품,C,적용,1178.0,218,CR(제어압연),906,10,1조
양품,C,적용,1177.0,185,CR(제어압연),877,10,1조
양품,C,적용,1177.0,191,CR(제어압연),877,10,1조
양품,C,적용,1177.0,206,CR(제어압연),877,10,1조
불량,C,적용,1187.5,232,CR(제어압연),940,10,1조
불량,C,미적용,1187.5,213,CR(제어압연),940,10,1조
불량,C,미적용,1169.5,245,CR(제어압연),935,10,1조
불량,C,적용,1188.5,204,CR(제어압연),937,10,1조
불량,C,미적용,1188.5,179,CR(제어압연),937,10,1조
불량,C,적용,1188.5,172,CR(제어압연),937,10,1조
불량,C,적용,1191.0,214,CR(제어압연),952,10,1조
불량,C,적용,1191.0,210,CR(제어압연),952,10,1조
양품,C,적용,1165.5,250,CR(제어압연),933,10,1조
양품,C,적용,1177.5,198,CR(제어압연),935,10,1조
양품,C,적용,1177.5,184,CR(제어압연),935,10,1조
불량,C,적용,1190.0,203,CR(제어압연),936,10,1조
불량,C,적용,1178.5,221,CR(제어압연),936,10,1조
불량,C,적용,1178.5,246,CR(제어압연),936,10,1조
불량,C,적용,1195.0,215,CR(제어압연),994,10,1조
불량,C,적용,1195.0,204,CR(제어압연),994,10,1조
불량,C,적용,1195.0,199,CR(제어압연),994,10,1조
양품,C,적용,1184.0,215,CR(제어압연),932,10,1조
양품,C,적용,1184.0,208,CR(제어압연),932,10,1조
불량,C,적용,1188.5,214,CR(제어압연),934,10,1조
불량,C,적용,1188.5,230,CR(제어압연),934,10,1조
불량,C,적용,1193.0,182,CR(제어압연),955,10,1조
불량,C,적용,1195.0,230,CR(제어압연),998,10,1조
불량,C,적용,1195.0,201,CR(제어압연),998,10,1조
양품,C,적용,1182.5,203,CR(제어압연),982,8,1조
양품,C,적용,1182.5,204,CR(제어압연),982,8,1조
양품,C,적용,1157.0,182,CR(제어압연),978,8,1조
양품,C,적용,1179.0,167,CR(제어압연),986,8,1조
양품,C,적용,1163.5,219,CR(제어압연),984,8,1조
양품,C,적용,1178.0,203,CR(제어압연),958,10,1조
불량,C,미적용,1178.0,186,CR(제어압연),958,10,1조
불량,C,적용,1188.5,223,CR(제어압연),960,10,1조
양품,C,적용,1177.0,218,CR(제어압연),908,10,1조
양품,C,적용,1177.5,260,CR(제어압연),914,10,1조
양품,C,적용,1177.5,213,CR(제어압연),914,10,1조
양품,C,적용,1182.5,202,CR(제어압연),882,10,1조
양품,C,적용,1172.5,190,CR(제어압연),901,10,1조
양품,C,적용,1161.5,219,CR(제어압연),919,10,1조
양품,C,적용,1164.5,221,CR(제어압연),923,10,1조
양품,C,적용,1178.0,188,CR(제어압연),957,10,1조
불량,C,미적용,1184.0,215,CR(제어압연),981,10,1조
양품,C,적용,1179.5,204,CR(제어압연),977,10,1조
양품,C,적용,1172.5,202,CR(제어압연),936,10,1조
양품,C,적용,1182.0,201,CR(제어압연),982,10,1조
양품,C,적용,1182.0,194,CR(제어압연),982,10,1조
불량,C,적용,1182.0,213,CR(제어압연),982,9,1조
불량,C,적용,1184.5,196,CR(제어압연),973,9,1조
양품,C,적용,1180.0,180,CR(제어압연),989,10,1조
불량,C,미적용,1180.0,211,CR(제어압연),989,10,1조
양품,C,적용,1180.0,215,CR(제어압연),989,10,1조
양품,C,적용,1185.0,204,CR(제어압연),972,10,1조
불량,C,미적용,1185.0,225,CR(제어압연),972,10,1조
불량,C,적용,1190.0,212,CR(제어압연),972,10,1조
불량,C,적용,1190.0,201,CR(제어압연),972,10,1조
양품,C,적용,1167.0,196,CR(제어압연),957,10,1조
양품,T,적용,1179.5,211,TMCP(온도제어),905,8,1조
양품,T,적용,1163.0,212,TMCP(온도제어),915,8,1조
불량,T,적용,1166.0,224,TMCP(온도제어),863,9,1조
양품,T,적용,1136.5,206,TMCP(온도제어),923,10,1조
양품,T,적용,1140.0,258,TMCP(온도제어),916,10,1조
양품,T,적용,1169.0,206,TMCP(온도제어),904,10,2조
불량,T,미적용,1169.5,230,TMCP(온도제어),880,10,2조
양품,T,적용,1166.0,209,TMCP(온도제어),889,10,2조
양품,T,적용,1129.5,282,TMCP(온도제어),892,10,2조
양품,T,적용,1151.5,216,CR(제어압연),823,8,2조
양품,T,적용,1137.0,272,CR(제어압연),827,8,2조
양품,T,적용,1144.5,192,CR(제어압연),854,8,2조
양품,T,적용,1169.5,230,CR(제어압연),843,8,2조
양품,T,적용,1177.0,277,TMCP(온도제어),882,8,2조
양품,T,적용,1134.0,233,TMCP(온도제어),936,8,2조
양품,T,적용,1151.5,218,TMCP(온도제어),875,8,2조
양품,T,적용,1116.0,240,TMCP(온도제어),873,8,2조
양품,T,적용,1145.0,214,TMCP(온도제어),879,8,2조
양품,T,적용,1161.5,231,TMCP(온도제어),875,8,2조
양품,T,적용,1161.0,233,TMCP(온도제어),870,8,2조
양품,T,적용,1153.5,217,TMCP(온도제어),881,8,2조
양품,T,적용,1120.0,226,TMCP(온도제어),879,8,2조
양품,T,적용,1120.0,286,TMCP(온도제어),873,8,2조
양품,T,적용,1140.5,255,TMCP(온도제어),881,8,2조
양품,T,적용,1143.5,253,TMCP(온도제어),880,8,2조
양품,T,적용,1145.0,233,TMCP(온도제어),871,8,2조
양품,T,적용,1140.0,251,TMCP(온도제어),873,8,2조
양품,T,적용,1122.0,259,TMCP(온도제어),868,8,2조
양품,T,적용,1141.0,251,TMCP(온도제어),875,8,2조
양품,T,적용,1136.5,263,TMCP(온도제어),880,8,2조
양품,T,적용,1133.0,265,TMCP(온도제어),876,8,2조
양품,T,적용,1133.0,263,CR(제어압연),876,8,2조
불량,T,적용,1150.0,227,TMCP(온도제어),897,5,2조
양품,T,적용,1155.0,232,TMCP(온도제어),897,6,2조
양품,T,적용,1122.5,261,TMCP(온도제어),815,6,2조
양품,T,적용,1144.0,264,TMCP(온도제어),802,6,2조
양품,T,적용,1153.5,230,TMCP(온도제어),805,6,2조
양품,T,적용,1131.5,279,TMCP(온도제어),817,6,2조
양품,T,적용,1155.5,274,TMCP(온도제어),895,6,2조
양품,T,적용,1149.0,259,CR(제어압연),813,6,2조
양품,T,적용,1149.0,248,TMCP(온도제어),813,6,2조
양품,T,적용,1142.0,302,TMCP(온도제어),816,6,2조
양품,T,적용,1142.0,289,TMCP(온도제어),818,6,2조
불량,T,미적용,1134.0,296,TMCP(온도제어),818,6,2조
양품,T,적용,1153.5,289,TMCP(온도제어),816,6,2조
양품,T,적용,1154.0,273,TMCP(온도제어),819,6,2조
양품,T,적용,1145.0,268,TMCP(온도제어),816,6,2조
양품,T,적용,1127.5,298,TMCP(온도제어),817,6,2조
양품,T,적용,1136.0,319,TMCP(온도제어),817,6,2조
양품,T,적용,1146.0,317,TMCP(온도제어),815,6,2조
양품,T,적용,1137.5,275,TMCP(온도제어),816,6,2조
양품,T,적용,1137.5,306,TMCP(온도제어),816,6,2조
불량,T,적용,1143.0,291,CR(제어압연),1033,6,2조
불량,T,미적용,1143.0,314,TMCP(온도제어),1033,6,2조
양품,T,적용,1152.5,301,TMCP(온도제어),745,6,2조
양품,T,적용,1140.5,336,TMCP(온도제어),894,6,2조
양품,T,적용,1143.5,333,CR(제어압연),910,6,2조
양품,T,적용,1143.5,338,CR(제어압연),906,6,2조
양품,T,적용,1149.0,299,CR(제어압연),891,6,2조
양품,T,적용,1139.5,285,CR(제어압연),816,6,2조
양품,T,적용,1139.5,292,TMCP(온도제어),816,6,2조
양품,T,적용,1143.0,325,CR(제어압연),820,6,2조
불량,T,적용,1143.0,293,TMCP(온도제어),820,5,2조
양품,T,적용,1148.0,218,CR(제어압연),897,6,2조
양품,T,적용,1143.5,351,CR(제어압연),888,6,2조
양품,T,적용,1143.5,263,CR(제어압연),891,6,2조
양품,T,적용,1155.5,321,TMCP(온도제어),880,6,2조
양품,T,적용,1128.0,322,TMCP(온도제어),887,6,2조
양품,T,적용,1141.0,298,TMCP(온도제어),891,6,2조
양품,T,적용,1136.5,246,CR(제어압연),908,6,2조
양품,T,적용,1140.0,351,CR(제어압연),901,6,2조
양품,T,적용,1143.0,294,CR(제어압연),901,6,2조
양품,T,적용,1143.0,315,CR(제어압연),900,6,2조
양품,T,적용,1118.0,330,TMCP(온도제어),894,6,2조
양품,T,적용,1138.0,309,CR(제어압연),894,6,2조
양품,T,적용,1139.5,326,CR(제어압연),897,6,2조
양품,T,적용,1135.0,323,CR(제어압연),892,6,2조
불량,T,미적용,1136.5,303,CR(제어압연),892,6,3조
양품,T,적용,1137.5,223,CR(제어압연),896,6,3조
양품,T,적용,1112.5,294,TMCP(온도제어),899,6,3조
양품,T,적용,1134.0,328,CR(제어압연),896,6,3조
양품,T,적용,1130.0,347,CR(제어압연),893,6,3조
양품,T,적용,1131.0,304,CR(제어압연),894,6,3조
양품,T,적용,1132.5,301,CR(제어압연),901,6,3조
양품,T,적용,1132.5,279,CR(제어압연),869,6,3조
양품,T,적용,1112.5,278,CR(제어압연),876,6,3조
양품,T,적용,1129.0,335,CR(제어압연),870,6,3조
양품,T,적용,1129.0,281,CR(제어압연),876,6,3조
양품,T,적용,1132.0,329,CR(제어압연),877,6,3조
양품,T,적용,1128.5,294,CR(제어압연),881,6,3조
양품,T,적용,1135.0,287,CR(제어압연),869,6,3조
양품,T,적용,1131.0,243,CR(제어압연),876,6,3조
양품,T,적용,1118.0,274,CR(제어압연),876,6,3조
양품,T,적용,1134.5,281,CR(제어압연),876,6,3조
양품,T,적용,1131.5,265,CR(제어압연),877,6,3조
양품,T,적용,1130.5,318,CR(제어압연),878,6,3조
양품,T,적용,1128.0,265,CR(제어압연),878,6,3조
양품,T,적용,1119.0,258,CR(제어압연),878,6,3조
양품,T,적용,1131.5,287,CR(제어압연),877,6,3조
양품,T,적용,1132.0,278,CR(제어압연),877,6,3조
불량,T,미적용,1133.0,271,CR(제어압연),876,6,3조
양품,T,적용,1131.5,278,CR(제어압연),876,6,3조
양품,T,적용,1127.0,208,CR(제어압연),842,6,3조
양품,T,적용,1125.5,254,TMCP(온도제어),889,6,3조
양품,T,적용,1129.5,284,CR(제어압연),816,6,3조
양품,T,적용,1129.5,309,TMCP(온도제어),816,6,3조
양품,T,적용,1124.0,308,TMCP(온도제어),815,6,3조
양품,T,적용,1132.5,259,CR(제어압연),816,6,3조
양품,T,적용,1132.5,282,TMCP(온도제어),816,6,3조
양품,T,적용,1120.5,245,TMCP(온도제어),818,6,3조
양품,T,적용,1125.0,283,TMCP(온도제어),812,6,3조
불량,T,적용,1127.0,295,TMCP(온도제어),812,5,3조
양품,T,적용,1115.5,298,TMCP(온도제어),815,6,3조
양품,T,적용,1115.5,302,TMCP(온도제어),815,6,3조
불량,T,미적용,1124.5,332,CR(제어압연),859,6,3조
양품,T,적용,1118.5,291,TMCP(온도제어),812,6,3조
양품,T,적용,1122.5,310,TMCP(온도제어),819,6,3조
양품,T,적용,1133.0,295,TMCP(온도제어),814,6,3조
양품,T,적용,1114.5,295,TMCP(온도제어),837,6,3조
양품,T,적용,1115.5,316,TMCP(온도제어),842,6,3조
양품,T,적용,1112.5,300,TMCP(온도제어),848,6,3조
양품,T,적용,1133.5,337,CR(제어압연),814,6,3조
양품,T,적용,1125.5,326,CR(제어압연),811,6,3조
불량,T,미적용,1129.0,217,CR(제어압연),811,6,3조
양품,T,적용,1122.5,258,CR(제어압연),815,6,3조
양품,C,적용,1122.5,202,CR(제어압연),861,10,3조
불량,C,적용,1122.5,219,CR(제어압연),861,9,3조
양품,C,적용,1122.5,211,CR(제어압연),861,10,3조
양품,C,적용,1126.0,266,CR(제어압연),867,10,3조
양품,C,적용,1126.0,224,CR(제어압연),867,10,3조
양품,C,적용,1126.0,206,CR(제어압연),867,10,3조
양품,C,적용,1126.0,280,CR(제어압연),867,10,3조
양품,C,적용,1123.5,274,CR(제어압연),840,10,3조
양품,C,적용,1138.0,218,CR(제어압연),723,10,3조
양품,C,적용,1138.0,228,CR(제어압연),723,10,3조
양품,C,적용,1138.0,278,CR(제어압연),723,10,3조
양품,C,적용,1138.0,246,CR(제어압연),723,10,3조
양품,C,적용,1158.0,307,CR(제어압연),842,10,3조
불량,C,미적용,1158.0,342,CR(제어압연),842,10,3조
양품,C,적용,1158.0,333,CR(제어압연),842,10,3조
양품,C,적용,1158.0,338,CR(제어압연),842,10,3조
양품,C,적용,1133.5,192,CR(제어압연),860,10,3조
양품,C,적용,1133.5,247,CR(제어압연),860,10,3조
양품,C,적용,1133.5,207,CR(제어압연),860,10,3조
양품,C,적용,1161.0,319,CR(제어압연),853,10,3조
양품,C,적용,1161.0,314,CR(제어압연),853,10,3조
양품,C,적용,1161.0,343,CR(제어압연),853,10,4조
양품,C,적용,1152.0,261,CR(제어압연),909,10,4조
양품,C,적용,1152.0,308,CR(제어압연),909,10,4조
양품,C,적용,1152.0,285,CR(제어압연),909,10,4조
양품,C,적용,1135.5,228,CR(제어압연),875,10,4조
불량,C,미적용,1135.5,202,CR(제어압연),875,9,4조
양품,C,적용,1135.5,185,CR(제어압연),875,10,4조
양품,C,적용,1151.5,303,CR(제어압연),872,10,4조
양품,C,적용,1151.5,307,CR(제어압연),872,10,4조
양품,C,적용,1151.5,284,CR(제어압연),872,10,4조
양품,C,적용,1149.0,301,CR(제어압연),879,10,4조
불량,C,적용,1151.0,281,CR(제어압연),902,9,4조
양품,C,적용,1151.0,311,CR(제어압연),902,10,4조
양품,C,적용,1152.0,224,CR(제어압연),904,10,4조
양품,C,적용,1152.0,321,CR(제어압연),904,10,4조
양품,C,적용,1147.5,313,CR(제어압연),893,10,4조
양품,C,적용,1147.5,260,CR(제어압연),893,10,4조
양품,C,적용,1152.0,342,CR(제어압연),887,10,4조
양품,C,적용,1152.0,352,CR(제어압연),887,10,4조
양품,C,적용,1149.0,317,CR(제어압연),906,10,4조
양품,C,적용,1149.0,322,CR(제어압연),906,10,4조
양품,C,적용,1149.5,293,CR(제어압연),932,10,4조
불량,C,미적용,1148.5,288,CR(제어압연),929,10,4조
불량,C,적용,1148.5,293,CR(제어압연),929,9,4조
양품,C,적용,1148.5,301,CR(제어압연),929,10,4조
양품,C,적용,1152.5,303,CR(제어압연),935,10,4조
양품,C,적용,1152.5,287,CR(제어압연),935,10,4조
불량,C,적용,1148.5,314,CR(제어압연),924,9,4조
양품,C,적용,1148.5,292,CR(제어압연),924,10,4조
불량,C,미적용,1148.5,315,CR(제어압연),924,10,4조
양품,C,적용,1150.5,280,CR(제어압연),931,10,4조
양품,C,적용,1150.5,271,CR(제어압연),931,10,4조
양품,C,적용,1149.0,308,CR(제어압연),926,10,4조
불량,C,적용,1152.0,293,CR(제어압연),924,9,4조
양품,C,적용,1152.0,333,CR(제어압연),924,10,4조
양품,C,적용,1152.0,329,CR(제어압연),924,10,4조
양품,C,적용,1152.0,316,CR(제어압연),924,10,4조
양품,C,적용,1151.5,308,CR(제어압연),924,10,4조
양품,C,적용,1151.5,282,CR(제어압연),924,10,4조
양품,C,적용,1150.5,269,CR(제어압연),924,10,4조
양품,C,적용,1150.5,296,CR(제어압연),924,10,4조
양품,C,적용,1150.5,268,CR(제어압연),924,10,4조
양품,C,적용,1150.5,298,CR(제어압연),924,10,4조
양품,C,적용,1146.0,332,CR(제어압연),923,10,4조
양품,C,적용,1146.0,320,CR(제어압연),923,10,4조
양품,C,적용,1146.0,260,CR(제어압연),923,10,4조
양품,C,적용,1150.0,309,CR(제어압연),927,10,4조
양품,C,적용,1150.0,303,CR(제어압연),927,10,4조
양품,C,적용,1150.0,274,CR(제어압연),927,10,4조
양품,C,적용,1150.5,304,CR(제어압연),934,10,4조
양품,C,적용,1150.5,318,CR(제어압연),934,10,4조
양품,C,적용,1150.5,314,CR(제어압연),934,10,4조
양품,C,적용,1152.5,253,CR(제어압연),909,10,4조
양품,C,적용,1152.5,305,CR(제어압연),909,10,4조
양품,C,적용,1152.5,322,CR(제어압연),909,10,4조
양품,C,적용,1152.0,361,CR(제어압연),942,10,4조
양품,C,적용,1152.0,330,CR(제어압연),942,10,4조
양품,C,적용,1152.0,362,CR(제어압연),942,10,4조
양품,C,적용,1147.5,253,CR(제어압연),960,10,4조
양품,C,적용,1153.0,321,CR(제어압연),959,10,4조
양품,C,적용,1144.5,278,CR(제어압연),957,10,4조
양품,C,적용,1144.5,302,CR(제어압연),957,10,4조
불량,C,미적용,1143.0,273,CR(제어압연),957,10,4조
양품,C,적용,1143.0,266,CR(제어압연),957,10,4조
양품,C,적용,1144.0,247,CR(제어압연),956,10,4조
양품,C,적용,1144.0,251,CR(제어압연),956,10,4조
양품,C,적용,1148.5,300,CR(제어압연),949,10,4조
양품,C,적용,1147.5,263,CR(제어압연),993,10,4조
불량,C,미적용,1147.5,298,CR(제어압연),993,10,4조
양품,C,적용,1150.5,261,CR(제어압연),997,10,4조
양품,C,적용,1153.0,305,CR(제어압연),995,6,4조
불량,C,적용,1143.5,271,CR(제어압연),1071,6,4조
불량,C,적용,1143.5,294,CR(제어압연),1071,6,3조
불량,C,적용,1143.0,276,CR(제어압연),1035,8,3조
불량,C,적용,1141.0,316,CR(제어압연),1035,8,3조
불량,C,적용,1143.5,264,CR(제어압연),1030,8,3조
불량,C,적용,1154.5,227,CR(제어압연),1033,8,3조
불량,C,적용,1154.5,260,CR(제어압연),1033,8,3조
불량,C,적용,1144.5,312,CR(제어압연),1046,8,3조
불량,C,적용,1160.5,242,CR(제어압연),1028,8,3조
불량,C,적용,1154.5,282,CR(제어압연),1025,8,3조
양품,C,적용,1161.0,280,CR(제어압연),997,8,3조
불량,C,적용,1167.0,293,CR(제어압연),1001,8,3조
양품,C,적용,1156.0,293,CR(제어압연),999,8,3조
불량,C,미적용,1156.0,293,CR(제어압연),999,8,3조
불량,C,적용,1164.0,224,CR(제어압연),999,7,3조
불량,C,적용,1163.0,266,CR(제어압연),1004,10,3조
불량,C,적용,1163.0,272,CR(제어압연),1004,10,3조
불량,C,적용,1156.5,265,CR(제어압연),1016,10,3조
불량,C,적용,1156.5,283,CR(제어압연),1016,10,3조
불량,C,적용,1176.5,236,CR(제어압연),1020,8,3조
불량,C,적용,1163.0,305,CR(제어압연),1026,10,3조
불량,C,적용,1168.5,203,CR(제어압연),1024,10,3조
불량,C,적용,1171.0,281,CR(제어압연),1006,10,3조
불량,C,적용,1171.5,281,CR(제어압연),1019,8,3조
불량,C,적용,1171.5,291,CR(제어압연),1019,8,3조
불량,C,적용,1176.5,239,CR(제어압연),1025,7,3조
불량,C,적용,1176.5,249,CR(제어압연),1025,8,3조
불량,C,적용,1165.0,282,CR(제어압연),1021,10,3조
양품,C,적용,1166.5,268,CR(제어압연),990,8,3조
불량,C,적용,1171.5,227,CR(제어압연),1005,10,3조
양품,C,적용,1169.5,203,CR(제어압연),987,10,3조
양품,C,적용,1169.5,229,CR(제어압연),987,10,3조
양품,C,적용,1165.5,204,CR(제어압연),958,10,3조
불량,C,적용,1171.5,199,CR(제어압연),1027,10,3조
불량,C,적용,1170.0,217,CR(제어압연),1031,10,3조
불량,C,적용,1167.0,227,CR(제어압연),1002,10,3조
불량,C,적용,1167.0,191,CR(제어압연),1002,10,3조
불량,C,적용,1167.0,208,CR(제어압연),1002,10,3조
불량,C,적용,1162.5,217,CR(제어압연),962,9,3조
양품,C,적용,1162.5,203,CR(제어압연),962,10,3조
양품,C,적용,1172.0,232,CR(제어압연),973,10,3조
양품,C,적용,1171.0,213,CR(제어압연),998,10,3조
양품,C,적용,1171.0,217,CR(제어압연),998,10,3조
양품,C,적용,1173.0,208,CR(제어압연),982,10,3조
양품,C,적용,1173.0,215,CR(제어압연),982,10,3조
양품,C,적용,1164.5,187,CR(제어압연),984,10,3조
양품,C,적용,1164.5,220,CR(제어압연),984,10,3조
양품,C,적용,1164.5,172,CR(제어압연),984,10,3조
양품,C,적용,1169.5,195,CR(제어압연),978,10,3조
불량,C,미적용,1169.5,200,CR(제어압연),978,10,3조
양품,C,적용,1169.5,218,CR(제어압연),978,10,3조
양품,C,적용,1164.0,201,CR(제어압연),968,10,3조
양품,C,적용,1164.0,221,CR(제어압연),968,10,3조
양품,C,적용,1164.0,210,CR(제어압연),968,10,3조
양품,C,적용,1169.0,203,CR(제어압연),1000,10,3조
불량,C,적용,1163.5,237,CR(제어압연),1004,10,3조
불량,C,적용,1163.5,203,CR(제어압연),1004,10,3조
불량,C,적용,1163.5,228,CR(제어압연),1004,10,3조
불량,C,미적용,1163.5,189,CR(제어압연),1004,10,3조
양품,C,적용,1165.5,214,CR(제어압연),955,10,3조
불량,C,미적용,1165.5,190,CR(제어압연),955,10,3조
양품,C,적용,1161.5,215,CR(제어압연),960,10,3조
양품,C,적용,1161.5,210,CR(제어압연),960,10,3조
양품,C,적용,1165.5,232,CR(제어압연),964,10,3조
양품,C,적용,1165.5,227,CR(제어압연),964,10,3조
양품,C,적용,1163.0,186,CR(제어압연),959,10,3조
양품,C,적용,1163.0,204,CR(제어압연),959,10,3조
양품,C,적용,1163.0,177,CR(제어압연),959,10,3조
양품,C,적용,1162.5,248,CR(제어압연),933,10,3조
양품,C,적용,1162.5,239,CR(제어압연),933,10,3조
양품,C,적용,1161.0,189,CR(제어압연),958,10,3조
양품,C,적용,1161.0,224,CR(제어압연),958,10,4조
양품,C,적용,1164.5,195,CR(제어압연),941,10,4조
양품,C,적용,1164.5,194,CR(제어압연),941,10,4조
양품,C,적용,1164.5,187,CR(제어압연),941,10,4조
불량,C,미적용,1157.0,243,CR(제어압연),991,10,4조
양품,C,적용,1157.0,234,CR(제어압연),991,10,4조
양품,C,적용,1161.5,208,CR(제어압연),987,10,4조
양품,C,적용,1155.0,195,CR(제어압연),993,10,4조
양품,C,적용,1155.0,183,CR(제어압연),993,10,4조
불량,C,적용,1164.5,205,CR(제어압연),1044,8,4조
불량,C,적용,1157.0,227,CR(제어압연),1002,8,4조
양품,C,적용,1159.0,237,CR(제어압연),981,10,4조
불량,C,적용,1155.5,194,CR(제어압연),1007,8,4조
불량,C,적용,1155.5,193,CR(제어압연),1007,8,4조
불량,C,적용,1155.5,224,CR(제어압연),1007,8,4조
양품,C,적용,1157.0,253,CR(제어압연),975,8,4조
불량,C,적용,1157.0,252,CR(제어압연),975,7,4조
양품,C,적용,1157.0,230,CR(제어압연),975,8,4조
양품,C,적용,1162.0,188,CR(제어압연),982,8,4조
양품,C,적용,1154.0,239,CR(제어압연),991,8,4조
불량,C,미적용,1154.0,269,CR(제어압연),979,8,4조
불량,C,적용,1160.0,256,CR(제어압연),1018,8,4조
불량,C,적용,1160.0,249,CR(제어압연),1018,8,4조
불량,C,적용,1150.0,244,CR(제어압연),1010,8,4조
불량,C,적용,1156.5,244,CR(제어압연),1018,8,4조
불량,C,적용,1164.5,250,CR(제어압연),1011,8,4조
불량,C,적용,1168.5,214,CR(제어압연),1010,8,4조
불량,C,적용,1173.0,243,CR(제어압연),1004,8,4조
불량,C,적용,1169.0,246,CR(제어압연),1013,7,4조
양품,C,적용,1169.5,199,CR(제어압연),999,8,4조
양품,C,적용,1168.5,193,CR(제어압연),999,8,4조
불량,C,적용,1162.5,223,CR(제어압연),1026,8,4조
불량,C,적용,1177.0,230,CR(제어압연),1036,8,4조
양품,C,적용,1173.5,222,CR(제어압연),950,10,4조
불량,C,미적용,1173.5,242,CR(제어압연),950,10,4조
양품,C,적용,1171.5,229,CR(제어압연),977,10,4조
양품,C,적용,1171.5,222,CR(제어압연),977,10,4조
불량,C,적용,1187.0,205,CR(제어압연),964,10,4조
불량,C,적용,1187.0,190,CR(제어압연),964,10,4조
불량,C,적용,1189.0,208,CR(제어압연),944,10,4조
불량,C,적용,1189.0,207,CR(제어압연),944,10,4조
양품,C,적용,1136.5,216,CR(제어압연),927,10,4조
양품,C,적용,1136.5,227,CR(제어압연),927,10,4조
불량,C,미적용,1136.5,230,CR(제어압연),927,10,4조
양품,C,적용,1136.5,221,CR(제어압연),927,10,4조
불량,C,적용,1189.5,233,CR(제어압연),962,10,4조
불량,C,적용,1189.5,197,CR(제어압연),962,9,4조
불량,C,적용,1189.5,219,CR(제어압연),962,10,4조
불량,C,적용,1189.5,208,CR(제어압연),962,10,4조
양품,C,적용,1168.5,238,CR(제어압연),955,10,4조
양품,C,적용,1168.5,196,CR(제어압연),955,10,4조
양품,C,적용,1162.0,255,CR(제어압연),947,10,4조
양품,C,적용,1162.0,249,CR(제어압연),947,10,4조
양품,C,적용,1179.0,207,CR(제어압연),951,10,4조
양품,C,적용,1179.0,220,CR(제어압연),951,10,4조
양품,C,적용,1179.0,206,CR(제어압연),951,10,4조
양품,C,적용,1171.0,239,CR(제어압연),959,10,4조
양품,C,적용,1171.0,221,CR(제어압연),959,10,4조
양품,C,적용,1142.5,224,CR(제어압연),961,10,4조
양품,C,적용,1142.5,208,CR(제어압연),961,10,4조
양품,C,적용,1179.5,234,CR(제어압연),971,10,4조
양품,C,적용,1169.0,237,CR(제어압연),984,10,4조
양품,C,적용,1169.0,217,CR(제어압연),984,10,4조
양품,C,적용,1169.0,212,CR(제어압연),984,10,4조
불량,C,미적용,1164.5,220,CR(제어압연),1000,10,4조
양품,C,적용,1164.5,195,CR(제어압연),1000,10,4조
불량,C,적용,1166.0,232,CR(제어압연),1001,8,4조
양품,C,적용,1176.0,236,CR(제어압연),949,10,4조
양품,C,적용,1176.0,196,CR(제어압연),949,10,4조
불량,C,적용,1176.0,218,CR(제어압연),949,9,4조
양품,C,적용,1148.5,208,CR(제어압연),1000,10,4조
불량,C,적용,1152.0,229,CR(제어압연),1010,8,4조
양품,C,적용,1147.0,196,CR(제어압연),921,8,4조
불량,C,적용,1147.0,219,CR(제어압연),1050,6,3조
불량,C,적용,1133.5,206,CR(제어압연),1037,6,3조
양품,C,적용,1161.0,218,CR(제어압연),961,10,3조
양품,C,적용,1161.0,205,CR(제어압연),961,10,3조
양품,C,적용,1164.5,227,CR(제어압연),977,10,3조
양품,C,적용,1164.5,214,CR(제어압연),977,10,3조
양품,C,적용,1164.5,219,CR(제어압연),977,10,3조
양품,C,적용,1162.5,237,CR(제어압연),995,10,3조
양품,C,적용,1162.5,239,CR(제어압연),995,10,3조
양품,C,적용,1160.0,196,CR(제어압연),965,10,3조
양품,C,적용,1160.0,227,CR(제어압연),965,10,3조
양품,C,적용,1169.0,236,CR(제어압연),948,10,3조
양품,C,적용,1147.5,210,CR(제어압연),941,10,3조
양품,C,적용,1147.5,243,CR(제어압연),941,10,3조
불량,C,미적용,1165.0,221,CR(제어압연),941,10,3조
양품,C,적용,1165.0,191,CR(제어압연),941,10,3조
불량,C,적용,1165.5,207,CR(제어압연),909,9,3조
양품,C,적용,1166.5,231,CR(제어압연),936,10,3조
양품,C,적용,1161.5,219,CR(제어압연),938,10,3조
양품,C,적용,1174.5,216,CR(제어압연),936,10,3조
양품,C,적용,1160.5,220,CR(제어압연),942,10,3조
양품,C,적용,1160.5,239,CR(제어압연),942,10,3조
양품,C,적용,1156.0,243,CR(제어압연),937,10,3조
양품,C,적용,1156.0,223,CR(제어압연),937,10,3조
양품,C,적용,1156.0,221,CR(제어압연),937,10,3조
양품,C,적용,1166.5,238,CR(제어압연),950,10,3조
양품,C,적용,1166.5,204,CR(제어압연),950,10,3조
양품,C,적용,1171.0,246,CR(제어압연),996,10,3조
양품,C,적용,1171.0,200,CR(제어압연),996,10,3조
양품,C,적용,1171.0,252,CR(제어압연),996,10,3조
불량,C,적용,1155.5,269,CR(제어압연),1016,8,3조
불량,C,적용,1168.0,210,CR(제어압연),1034,8,3조
불량,C,적용,1159.0,242,CR(제어압연),1019,8,3조
불량,C,적용,1147.0,240,CR(제어압연),1005,8,3조
불량,C,적용,1170.5,184,CR(제어압연),1025,8,3조
불량,C,적용,1170.5,205,CR(제어압연),1025,8,3조
불량,C,적용,1167.5,219,CR(제어압연),1025,9,3조
불량,C,적용,1148.5,194,CR(제어압연),1033,10,3조
불량,C,적용,1165.0,210,CR(제어압연),1035,10,3조
불량,C,적용,1165.0,199,CR(제어압연),1013,10,3조
불량,C,적용,1165.0,222,CR(제어압연),1013,10,3조
양품,C,적용,1135.5,251,CR(제어압연),941,10,3조
양품,C,적용,1169.5,187,CR(제어압연),957,10,3조
양품,C,적용,1169.0,217,CR(제어압연),975,10,3조
양품,C,적용,1156.5,194,CR(제어압연),975,10,3조
양품,C,적용,1175.5,182,CR(제어압연),991,10,3조
불량,C,적용,1158.5,191,CR(제어압연),988,9,3조
양품,C,적용,1148.5,217,CR(제어압연),993,8,3조
양품,C,적용,1174.5,202,CR(제어압연),994,8,3조
양품,C,적용,1170.5,218,CR(제어압연),989,8,3조
양품,C,적용,1162.5,210,CR(제어압연),991,8,3조
양품,C,적용,1162.5,233,CR(제어압연),991,8,3조
불량,C,적용,1162.5,185,CR(제어압연),991,7,3조
양품,C,적용,1162.5,213,CR(제어압연),991,8,3조
양품,C,적용,1166.5,189,CR(제어압연),982,8,3조
불량,C,적용,1173.5,192,CR(제어압연),1037,8,3조
양품,C,적용,1182.5,173,CR(제어압연),956,10,3조
양품,C,적용,1182.5,221,CR(제어압연),956,10,3조
양품,C,적용,1182.5,215,CR(제어압연),956,10,3조
양품,C,적용,1182.5,218,CR(제어압연),956,10,3조
양품,C,적용,1171.0,183,CR(제어압연),960,10,3조
양품,C,적용,1171.0,207,CR(제어압연),960,10,3조
양품,C,적용,1166.5,226,CR(제어압연),984,10,3조
양품,C,적용,1166.5,195,CR(제어압연),984,10,3조
양품,C,적용,1175.0,221,CR(제어압연),993,8,3조
양품,C,적용,1175.0,221,CR(제어압연),993,8,3조
양품,C,적용,1175.0,206,CR(제어압연),993,8,3조
양품,C,적용,1170.0,205,CR(제어압연),927,10,3조
양품,C,적용,1170.0,200,CR(제어압연),927,10,3조
양품,C,적용,1174.5,199,CR(제어압연),947,10,3조
불량,C,미적용,1174.5,187,CR(제어압연),947,10,3조
양품,C,적용,1171.0,222,CR(제어압연),941,10,3조
양품,C,적용,1171.0,194,CR(제어압연),941,10,3조
불량,C,적용,1170.5,221,CR(제어압연),1004,10,3조
불량,C,적용,1170.5,190,CR(제어압연),1004,10,3조
양품,C,적용,1171.5,237,CR(제어압연),998,10,3조
양품,C,적용,1171.5,231,CR(제어압연),998,10,4조
양품,C,적용,1174.0,194,CR(제어압연),937,10,4조
양품,C,적용,1177.0,194,CR(제어압연),942,10,4조
양품,C,적용,1177.0,214,CR(제어압연),942,10,4조
양품,C,적용,1177.0,217,CR(제어압연),942,10,4조
양품,C,적용,1182.5,198,CR(제어압연),938,10,4조
양품,C,적용,1177.5,181,CR(제어압연),943,10,4조
양품,C,적용,1161.5,222,CR(제어압연),915,10,4조
양품,C,적용,1167.0,191,CR(제어압연),928,10,4조
양품,C,적용,1167.0,182,CR(제어압연),928,10,4조
양품,C,적용,1167.0,219,CR(제어압연),928,10,4조
불량,C,적용,1174.0,194,CR(제어압연),931,9,4조
양품,C,적용,1174.0,187,CR(제어압연),931,10,4조
양품,C,적용,1169.0,208,CR(제어압연),932,10,4조
양품,C,적용,1178.0,193,CR(제어압연),926,10,4조
양품,C,적용,1178.0,214,CR(제어압연),926,10,4조
양품,C,적용,1160.5,215,CR(제어압연),891,10,4조
양품,C,적용,1160.5,191,CR(제어압연),891,10,4조
양품,C,적용,1166.5,206,CR(제어압연),919,10,4조
양품,C,적용,1166.5,216,CR(제어압연),919,10,4조
양품,C,적용,1172.5,197,CR(제어압연),926,10,4조
양품,C,적용,1172.5,184,CR(제어압연),926,10,4조
양품,C,적용,1167.5,207,CR(제어압연),936,10,4조
양품,C,적용,1167.5,242,CR(제어압연),936,10,4조
양품,C,적용,1171.0,233,CR(제어압연),878,10,4조
불량,C,미적용,1171.0,188,CR(제어압연),878,10,4조
불량,C,적용,1170.0,194,CR(제어압연),887,9,4조
양품,C,적용,1170.0,183,CR(제어압연),887,10,4조
양품,C,적용,1157.5,280,CR(제어압연),894,10,4조
양품,C,적용,1157.5,258,CR(제어압연),894,10,4조
불량,C,미적용,1174.0,222,CR(제어압연),902,10,4조
양품,C,적용,1174.0,207,CR(제어압연),902,10,4조
양품,C,적용,1171.0,207,CR(제어압연),908,10,4조
양품,C,적용,1171.0,180,CR(제어압연),908,10,4조
양품,C,적용,1171.0,185,CR(제어압연),908,10,4조
양품,C,적용,1159.5,232,CR(제어압연),894,10,4조
양품,C,적용,1159.5,194,CR(제어압연),894,10,4조
양품,C,적용,1160.0,217,CR(제어압연),888,10,4조
양품,C,적용,1160.0,216,CR(제어압연),888,10,4조
양품,C,적용,1174.5,209,CR(제어압연),896,10,4조
양품,C,적용,1174.5,217,CR(제어압연),896,10,4조
양품,C,적용,1174.5,207,CR(제어압연),896,10,4조
양품,C,적용,1168.5,238,CR(제어압연),891,10,4조
양품,C,적용,1168.5,199,CR(제어압연),891,10,4조
양품,C,적용,1168.5,191,CR(제어압연),891,10,4조
양품,C,적용,1172.5,220,CR(제어압연),916,10,4조
양품,C,적용,1172.5,197,CR(제어압연),916,10,4조
양품,C,적용,1166.5,227,CR(제어압연),919,10,4조
양품,C,적용,1171.0,215,CR(제어압연),913,10,4조
양품,C,적용,1158.0,231,CR(제어압연),938,10,4조
양품,C,적용,1158.0,215,CR(제어압연),938,10,4조
양품,C,적용,1159.5,218,CR(제어압연),947,10,4조
양품,C,적용,1159.5,216,CR(제어압연),947,10,4조
양품,C,적용,1167.0,239,CR(제어압연),965,10,4조
양품,C,적용,1167.0,222,CR(제어압연),965,10,4조
불량,C,적용,1168.0,222,CR(제어압연),1005,8,4조
불량,C,적용,1168.0,217,CR(제어압연),1005,8,4조
불량,C,적용,1168.0,191,CR(제어압연),1005,8,4조
불량,C,적용,1168.0,197,CR(제어압연),1005,8,4조
양품,C,적용,1171.0,197,CR(제어압연),940,10,4조
양품,C,적용,1146.5,203,CR(제어압연),948,10,4조
양품,C,적용,1146.5,209,CR(제어압연),948,10,4조
양품,C,적용,1166.0,227,CR(제어압연),948,10,4조
양품,C,적용,1166.0,204,CR(제어압연),948,10,4조
양품,C,적용,1177.5,208,CR(제어압연),957,10,4조
